File Name,Constructive Method,Initial Tour Length,After 2-opt,After Node Swap,After Node Shift,2-opt Time (ms),Node Swap Time (ms),Node Shift Time (ms),2-opt Error,Node Swap Error,Node Shift Error,Standard Deviation
ch130,Nearest Neighbor,7592.90,6676.11,7488.30,7205.98,45,11,59,9.27,22.56,17.94,5.51
ch130,Nearest Insertion,7342.11,6475.31,7053.89,6738.42,25,11,29,5.98,15.45,10.29,3.87
ch130,Cheapest Insertion,7180.27,6693.36,6771.38,6604.46,8,15,25,9.55,10.82,8.09,1.12
pr76,Nearest Neighbor,151370.91,111620.45,123651.37,131665.90,2,2,6,3.20,14.32,21.73,7.62
pr76,Nearest Insertion,128620.67,126290.41,126118.41,119484.79,1,1,3,16.76,16.60,10.47,2.93
pr76,Cheapest Insertion,127104.62,114648.76,120180.62,119377.99,3,1,2,6.00,11.11,10.37,2.26
berlin52,Nearest Neighbor,9067.75,8058.66,8927.82,8249.82,0,0,1,6.85,18.37,9.39,4.94
berlin52,Nearest Insertion,9213.48,8455.74,9001.88,8113.42,0,0,2,12.12,19.36,7.58,4.85
berlin52,Cheapest Insertion,9001.78,8819.91,8931.27,8464.18,0,1,2,16.94,18.42,12.23,2.64
lin318,Nearest Neighbor,53078.19,45627.27,51744.34,48900.11,196,131,470,8.56,23.12,16.35,5.95
lin318,Nearest Insertion,52573.65,46730.39,49618.28,46200.34,228,159,385,11.19,18.06,9.92,3.57
lin318,Cheapest Insertion,50096.48,47673.61,49480.06,47287.28,227,118,376,13.43,17.73,12.51,2.27
ch150,Nearest Neighbor,7489.63,6918.43,7333.34,7179.79,19,8,28,5.98,12.34,9.98,2.62
ch150,Nearest Insertion,7999.81,7606.52,7832.76,7135.81,12,10,36,16.52,19.99,9.31,4.45
ch150,Cheapest Insertion,7994.12,7311.19,7668.31,7032.77,13,10,58,12.00,17.47,7.73,3.98
rat99,Nearest Neighbor,1613.51,1309.65,1580.97,1369.44,5,4,20,8.15,30.55,13.08,9.61
rat99,Nearest Insertion,1470.99,1322.83,1428.17,1313.95,3,1,10,9.23,17.93,8.50,4.28
rat99,Cheapest Insertion,1419.39,1372.45,1396.87,1309.31,3,1,12,13.33,15.35,8.12,3.05
kroA100,Nearest Neighbor,26488.91,22254.12,24196.93,24098.76,5,4,11,4.57,13.70,13.24,4.20
kroA100,Nearest Insertion,25744.56,22919.12,25476.88,22809.67,5,4,11,7.69,19.71,7.18,5.79
kroA100,Cheapest Insertion,24486.13,23435.31,23522.83,22620.13,5,4,6,10.12,10.53,6.29,1.91
eil51,Nearest Neighbor,567.30,451.24,515.49,460.37,1,0,2,5.92,21.01,8.07,6.66
eil51,Nearest Insertion,490.63,466.59,479.48,458.07,0,0,1,9.53,12.55,7.53,2.07
eil51,Cheapest Insertion,491.35,456.41,464.30,444.93,0,0,1,7.14,8.99,4.44,1.87
eil101,Nearest Neighbor,769.04,682.58,738.86,709.79,3,5,7,8.52,17.47,12.84,3.65
eil101,Nearest Insertion,739.29,684.05,708.98,668.89,5,5,12,8.75,12.72,6.34,2.63
eil101,Cheapest Insertion,741.96,707.52,708.34,683.60,3,3,7,12.48,12.61,8.68,1.82
kroB100,Nearest Neighbor,28682.21,23468.71,28309.10,25636.66,5,3,18,6.00,27.86,15.79,8.94
kroB100,Nearest Insertion,27288.27,25419.14,26997.62,23801.38,3,2,6,14.81,21.93,7.50,5.89
kroB100,Cheapest Insertion,25197.05,23709.42,24372.52,23755.49,3,3,10,7.08,10.08,7.29,1.37
rat195,Nearest Neighbor,2755.22,2443.41,2725.05,2522.02,41,25,84,5.18,17.31,8.57,5.11
rat195,Nearest Insertion,2897.98,2611.94,2740.48,2517.40,39,26,84,12.44,17.97,8.37,3.94
rat195,Cheapest Insertion,2743.47,2597.36,2646.76,2510.22,39,42,99,11.81,13.94,8.06,2.43
lin105,Nearest Neighbor,19455.94,16465.51,18729.07,16109.20,5,6,37,14.51,30.25,12.03,8.07
lin105,Nearest Insertion,18615.54,15537.92,18222.46,16615.92,5,2,13,8.06,26.73,15.56,7.67
lin105,Cheapest Insertion,17601.03,16364.69,17168.21,15669.18,4,3,13,13.81,19.40,8.97,4.26
bier127,Nearest Neighbor,148953.01,122916.85,134263.37,124625.31,13,13,21,3.92,13.51,5.36,4.22
bier127,Nearest Insertion,145323.52,130947.48,140530.35,135272.06,14,10,21,10.71,18.81,14.36,3.31
bier127,Cheapest Insertion,139977.63,130421.15,138132.00,133696.88,15,6,18,10.26,16.78,13.03,2.67
kroE100,Nearest Neighbor,28932.38,23204.01,25333.64,24001.92,7,6,9,5.15,14.80,8.76,3.98
kroE100,Nearest Insertion,27314.77,24520.84,25890.85,23592.52,6,3,13,11.11,17.32,6.91,4.28
kroE100,Cheapest Insertion,25832.34,23696.38,25408.17,22535.86,5,2,10,7.38,15.14,2.12,5.35
a280,Nearest Neighbor,3271.57,2834.14,3192.34,2973.24,155,79,460,9.89,23.78,15.29,5.72
a280,Nearest Insertion,3067.15,2868.57,2963.90,2795.91,124,115,365,11.23,14.92,8.41,2.67
a280,Cheapest Insertion,3201.28,2961.43,3145.63,2997.93,187,53,155,14.83,21.97,16.24,3.09
st70,Nearest Neighbor,876.44,757.90,783.19,823.99,1,1,3,12.28,16.03,22.07,4.03
st70,Nearest Insertion,781.37,752.52,753.55,729.22,1,1,3,11.48,11.64,8.03,1.66
st70,Cheapest Insertion,780.04,755.56,742.84,732.28,1,1,2,11.93,10.05,8.49,1.41
kroD100,Nearest Neighbor,27609.28,22677.30,27345.65,26728.09,6,2,9,6.50,28.42,25.52,9.72
kroD100,Nearest Insertion,25751.40,23339.96,24666.04,23079.74,2,4,10,9.61,15.84,8.39,3.26
kroD100,Cheapest Insertion,24868.08,22754.81,24299.90,22751.28,6,3,11,6.86,14.12,6.84,3.42
kroC100,Nearest Neighbor,27757.35,22877.04,25891.18,23110.14,6,3,13,10.26,24.78,11.38,6.60
kroC100,Nearest Insertion,25807.63,24221.29,24899.88,23584.88,7,3,12,16.73,20.01,13.67,2.59
kroC100,Cheapest Insertion,25535.75,24110.17,24546.09,23377.32,3,3,9,16.20,18.30,12.67,2.32
eil76,Nearest Neighbor,711.07,596.44,632.68,575.74,2,1,3,10.86,17.60,7.01,4.37
eil76,Nearest Insertion,625.64,615.57,615.57,578.99,1,0,3,14.42,14.42,7.62,3.21
eil76,Cheapest Insertion,612.39,597.69,597.50,584.12,1,0,2,11.09,11.06,8.57,1.18
pr124,Nearest Neighbor,72410.95,60865.17,68208.01,68302.07,14,8,13,3.11,15.55,15.71,5.90
pr124,Nearest Insertion,69908.12,62710.36,69478.93,64041.41,9,4,12,6.23,17.70,8.49,4.96
pr124,Cheapest Insertion,66068.22,62215.95,65152.05,63891.40,7,6,8,5.40,10.37,8.24,2.04
pr144,Nearest Neighbor,63548.74,59922.72,63045.31,62497.95,11,7,25,2.37,7.70,6.77,2.33
pr144,Nearest Insertion,70963.45,60787.76,69379.33,66918.92,15,12,65,3.85,18.52,14.32,6.17
pr144,Cheapest Insertion,72797.98,63888.80,70141.72,67869.84,16,6,44,9.14,19.82,15.94,4.41
