group,dataset,instance,n,m,alpha,known_opt,toyoda_profit,toyoda_ms,improved_toyoda_profit,improved_toyoda_ms,randomized_greedy_best,randomized_greedy_avg,randomized_greedy_std,randomized_greedy_ms,improved_randomized_greedy_best,improved_randomized_greedy_avg,improved_randomized_greedy_std,improved_randomized_greedy_ms,toyoda_gap,improved_toyoda_gap,randomized_greedy_gap,improved_randomized_greedy_gap,improved_toyoda_vs_toyoda_pct,improved_randomized_greedy_vs_randomized_greedy_pct,randomized_greedy_vs_toyoda_pct,improved_randomized_greedy_vs_improved_toyoda_pct
chubeas,OR10x100,OR10x100-0.25_1,100,10,0.25,,22465,16.852,22661,32.557,22766,22242.55,270.51,45.418,22779,22460.7,211.51,193.395,,,,,0.872,0.057,1.34,0.521
chubeas,OR10x100,OR10x100-0.25_10,100,10,0.25,,22398,17.689,22423,31.243,22443,21894.8,297.0,44.194,22510,22174.4,198.15,196.115,,,,,0.112,0.299,0.201,0.388
chubeas,OR10x100,OR10x100-0.25_2,100,10,0.25,,22212,18.264,22237,30.503,22373,21866.05,290.08,44.07,22435,22172.05,168.33,191.708,,,,,0.113,0.277,0.725,0.89
chubeas,OR10x100,OR10x100-0.25_3,100,10,0.25,,21240,16.365,21710,34.753,21835,21168.35,251.88,40.875,21865,21454.7,193.24,190.136,,,,,2.213,0.137,2.801,0.714
chubeas,OR10x100,OR10x100-0.25_4,100,10,0.25,,21941,18.431,22241,28.615,22368,21823.1,294.1,43.241,22453,22096.15,143.27,188.542,,,,,1.367,0.38,1.946,0.953
chubeas,OR10x100,OR10x100-0.25_5,100,10,0.25,,21320,16.413,20121,33.266,22202,21589.75,355.04,41.983,22365,21957.05,221.07,182.518,,,,,-5.624,0.734,4.137,11.153
chubeas,OR10x100,OR10x100-0.25_6,100,10,0.25,,22447,16.783,22475,28.945,22134,21734.4,221.87,44.39,22620,22143.2,196.84,184.42,,,,,0.125,2.196,-1.394,0.645
chubeas,OR10x100,OR10x100-0.25_7,100,10,0.25,,21048,16.763,21214,28.921,21531,21065.35,238.35,41.903,21601,21415.65,124.98,186.409,,,,,0.789,0.325,2.295,1.824
chubeas,OR10x100,OR10x100-0.25_8,100,10,0.25,,22148,17.091,22148,22.587,22156,21744.85,220.92,43.476,22263,21971.55,155.33,186.546,,,,,0.0,0.483,0.036,0.519
chubeas,OR10x100,OR10x100-0.25_9,100,10,0.25,,21681,17.527,21991,36.801,21753,21504.25,184.02,42.112,22071,21801.05,196.85,190.156,,,,,1.43,1.462,0.332,0.364
chubeas,OR10x100,OR10x100-0.50_1,100,10,0.50,,40976,32.588,41031,48.699,41122,40555.5,257.8,77.769,41198,40809.85,179.85,286.851,,,,,0.134,0.185,0.356,0.407
chubeas,OR10x100,OR10x100-0.50_10,100,10,0.50,,40816,28.836,40817,44.341,40887,40521.65,213.86,71.412,41050,40866.2,107.14,275.27,,,,,0.002,0.399,0.174,0.571
chubeas,OR10x100,OR10x100-0.50_2,100,10,0.50,,41600,27.019,41873,43.216,41780,41449.95,226.23,72.221,41903,41737.65,152.02,281.189,,,,,0.656,0.294,0.433,0.072
chubeas,OR10x100,OR10x100-0.50_3,100,10,0.50,,41916,28.434,42016,52.43,42003,41597.35,278.2,72.465,42211,41977.7,129.72,277.698,,,,,0.239,0.495,0.208,0.464
chubeas,OR10x100,OR10x100-0.50_4,100,10,0.50,,44823,27.941,45339,55.074,45037,44807.65,127.04,73.503,45340,44975.7,186.73,277.813,,,,,1.151,0.673,0.477,0.002
chubeas,OR10x100,OR10x100-0.50_5,100,10,0.50,,41384,26.503,41595,50.033,41409,40941.7,216.66,66.548,41640,41295.25,187.48,271.724,,,,,0.51,0.558,0.06,0.108
chubeas,OR10x100,OR10x100-0.50_6,100,10,0.50,,42236,29.56,41057,53.893,42483,41997.2,260.45,82.006,42810,42395.45,235.76,290.222,,,,,-2.791,0.77,0.585,4.27
chubeas,OR10x100,OR10x100-0.50_7,100,10,0.50,,42816,29.226,42500,53.703,43233,42817.2,237.89,74.244,43229,42967.8,175.02,276.649,,,,,-0.738,-0.009,0.974,1.715
chubeas,OR10x100,OR10x100-0.50_8,100,10,0.50,,42471,27.981,42711,43.615,42742,42241.55,244.23,69.451,42853,42560.45,182.0,270.318,,,,,0.565,0.26,0.638,0.332
chubeas,OR10x100,OR10x100-0.50_9,100,10,0.50,,41755,29.034,41882,43.482,42035,41539.15,236.33,69.159,41970,41804.9,109.05,278.116,,,,,0.304,-0.155,0.671,0.21
chubeas,OR10x100,OR10x100-0.75_1,100,10,0.75,,57048,34.835,57070,44.817,57062,56658.55,196.66,94.852,57171,56978.75,152.11,271.044,,,,,0.039,0.191,0.025,0.177
chubeas,OR10x100,OR10x100-0.75_10,100,10,0.75,,59833,33.894,59424,45.703,60409,60024.35,259.62,94.916,60596,60365.45,74.66,274.774,,,,,-0.684,0.31,0.963,1.972
chubeas,OR10x100,OR10x100-0.75_2,100,10,0.75,,58476,34.472,58545,46.755,58702,58364.15,212.67,94.946,58736,58653.3,61.17,279.997,,,,,0.118,0.058,0.386,0.326
chubeas,OR10x100,OR10x100-0.75_3,100,10,0.75,,57580,36.431,57081,45.587,58182,57720.1,225.78,95.728,58186,58035.5,122.28,274.684,,,,,-0.867,0.007,1.046,1.936
chubeas,OR10x100,OR10x100-0.75_4,100,10,0.75,,60944,34.516,60053,53.194,61788,61238.1,288.56,93.664,61754,61487.8,156.99,280.204,,,,,-1.462,-0.055,1.385,2.832
chubeas,OR10x100,OR10x100-0.75_5,100,10,0.75,,60362,33.734,59100,53.833,60598,60289.1,164.13,91.973,60803,60523.4,129.67,277.04,,,,,-2.091,0.338,0.391,2.882
chubeas,OR10x100,OR10x100-0.75_6,100,10,0.75,,60871,34.36,60995,52.212,61061,60770.1,174.61,92.919,61278,61038.6,166.1,273.322,,,,,0.204,0.355,0.312,0.464
chubeas,OR10x100,OR10x100-0.75_7,100,10,0.75,,56084,34.249,56085,45.694,56332,55763.85,222.29,92.335,56196,56076.65,61.78,272.608,,,,,0.002,-0.241,0.442,0.198
chubeas,OR10x100,OR10x100-0.75_8,100,10,0.75,,59005,34.639,59056,45.709,59075,58687.3,197.62,92.108,59186,58949.5,201.84,276.656,,,,,0.086,0.188,0.119,0.22
chubeas,OR10x100,OR10x100-0.75_9,100,10,0.75,,59840,36.115,59985,54.627,59851,59446.15,176.55,104.651,60205,59854.35,141.65,272.707,,,,,0.242,0.591,0.018,0.367
chubeas,OR10x250,OR10x250-0.25_1,250,10,0.25,,58393,103.453,58624,216.555,58818,58160.0,362.94,129.589,58803,58274.05,314.19,1033.786,,,,,0.396,-0.026,0.728,0.305
chubeas,OR10x250,OR10x250-0.25_10,250,10,0.25,,58517,105.983,58517,142.699,58777,58289.1,324.58,134.617,58778,58294.3,352.8,1044.485,,,,,0.0,0.002,0.444,0.446
chubeas,OR10x250,OR10x250-0.25_2,250,10,0.25,,57991,104.73,58284,220.115,58233,58001.95,128.14,130.151,58428,57951.6,333.75,1052.745,,,,,0.505,0.335,0.417,0.247
chubeas,OR10x250,OR10x250-0.25_3,250,10,0.25,,56942,105.344,56466,218.637,57715,57255.1,207.56,133.649,57744,57393.0,199.49,1040.233,,,,,-0.836,0.05,1.358,2.263
chubeas,OR10x250,OR10x250-0.25_4,250,10,0.25,,60296,106.973,60552,221.298,60578,60134.05,274.31,133.055,60622,60139.7,244.1,1059.219,,,,,0.425,0.073,0.468,0.116
chubeas,OR10x250,OR10x250-0.25_5,250,10,0.25,,57643,107.034,57643,137.617,57303,56964.4,176.14,131.264,57643,57125.65,192.26,1023.67,,,,,0.0,0.593,-0.59,0.0
chubeas,OR10x250,OR10x250-0.25_6,250,10,0.25,,57764,103.753,58226,219.376,57985,57520.45,237.09,131.017,58127,57798.1,258.49,1043.972,,,,,0.8,0.245,0.383,-0.17
chubeas,OR10x250,OR10x250-0.25_7,250,10,0.25,,57659,103.498,57804,214.391,58004,57664.3,165.2,133.156,58192,57772.6,318.64,1032.027,,,,,0.251,0.324,0.598,0.671
chubeas,OR10x250,OR10x250-0.25_8,250,10,0.25,,58115,104.952,58201,187.362,58175,57844.55,203.15,134.047,58302,57920.35,269.8,1050.531,,,,,0.148,0.218,0.103,0.174
chubeas,OR10x250,OR10x250-0.25_9,250,10,0.25,,58505,104.256,58945,183.556,59013,58576.6,182.78,132.756,59126,58707.4,253.39,1038.141,,,,,0.752,0.191,0.868,0.307
chubeas,OR10x250,OR10x250-0.50_1,250,10,0.50,,110053,167.411,110499,261.68,110345,109751.5,275.54,213.225,110359,109924.4,198.65,1437.304,,,,,0.405,0.013,0.265,-0.127
chubeas,OR10x250,OR10x250-0.50_10,250,10,0.50,,105681,169.591,106024,312.755,106033,105785.4,160.42,216.158,106287,105978.7,192.91,1438.158,,,,,0.325,0.24,0.333,0.248
chubeas,OR10x250,OR10x250-0.50_2,250,10,0.50,,108000,164.893,108268,309.202,108044,107780.5,144.88,212.065,108395,107917.55,231.7,1441.605,,,,,0.248,0.325,0.041,0.117
chubeas,OR10x250,OR10x250-0.50_3,250,10,0.50,,108198,166.156,108477,262.357,108616,108197.4,221.98,213.452,108666,108312.2,225.79,1444.306,,,,,0.258,0.046,0.386,0.174
chubeas,OR10x250,OR10x250-0.50_4,250,10,0.50,,109471,169.109,109654,313.528,109840,109338.4,216.1,216.757,109749,109325.05,249.03,1449.898,,,,,0.167,-0.083,0.337,0.087
chubeas,OR10x250,OR10x250-0.50_5,250,10,0.50,,107615,169.02,108051,310.268,108131,107774.15,198.19,214.598,108206,107790.65,242.31,1436.672,,,,,0.405,0.069,0.479,0.143
chubeas,OR10x250,OR10x250-0.50_6,250,10,0.50,,109704,166.125,110043,311.646,110344,109808.05,300.38,214.962,110342,109931.5,235.71,1446.008,,,,,0.309,-0.002,0.583,0.272
chubeas,OR10x250,OR10x250-0.50_7,250,10,0.50,,105685,168.242,105685,216.542,105739,105274.9,233.59,213.417,105685,105306.75,268.15,1447.059,,,,,0.0,-0.051,0.051,0.0
chubeas,OR10x250,OR10x250-0.50_8,250,10,0.50,,105759,165.319,105992,260.159,106139,105799.55,181.57,213.636,106232,105902.7,224.38,1446.438,,,,,0.22,0.088,0.359,0.226
chubeas,OR10x250,OR10x250-0.50_9,250,10,0.50,,109178,165.244,109310,310.37,109131,108824.75,200.67,219.081,109295,108877.3,271.59,1448.725,,,,,0.121,0.15,-0.043,-0.014
chubeas,OR10x250,OR10x250-0.75_1,250,10,0.75,,151273,205.358,151349,279.959,151454,151127.65,226.47,283.373,151494,151310.95,99.63,1346.571,,,,,0.05,0.026,0.12,0.096
chubeas,OR10x250,OR10x250-0.75_10,250,10,0.75,,149245,205.395,149427,314.0,149146,148876.75,169.18,285.145,149371,149204.5,111.93,1333.743,,,,,0.122,0.151,-0.066,-0.037
chubeas,OR10x250,OR10x250-0.75_2,250,10,0.75,,148041,205.694,146887,280.416,148392,148051.3,145.41,283.236,148463,148296.3,111.47,1342.125,,,,,-0.78,0.048,0.237,1.073
chubeas,OR10x250,OR10x250-0.75_3,250,10,0.75,,151136,206.988,151525,313.395,151484,151124.9,197.17,286.493,151638,151440.35,112.96,1330.477,,,,,0.257,0.102,0.23,0.075
chubeas,OR10x250,OR10x250-0.75_4,250,10,0.75,,150895,204.712,150900,276.897,151016,150622.8,199.79,283.97,151044,150780.3,124.4,1332.84,,,,,0.003,0.019,0.08,0.095
chubeas,OR10x250,OR10x250-0.75_5,250,10,0.75,,151460,205.217,151672,311.036,151476,151147.2,164.71,287.263,151674,151396.95,120.58,1324.938,,,,,0.14,0.131,0.011,0.001
chubeas,OR10x250,OR10x250-0.75_6,250,10,0.75,,151586,204.043,151881,273.996,152044,151442.1,245.19,283.217,151946,151683.1,153.84,1319.709,,,,,0.195,-0.064,0.302,0.043
chubeas,OR10x250,OR10x250-0.75_7,250,10,0.75,,152582,204.777,152717,273.764,152703,152435.35,179.25,284.102,152858,152673.05,112.03,1316.099,,,,,0.088,0.102,0.079,0.092
chubeas,OR10x250,OR10x250-0.75_8,250,10,0.75,,153001,204.301,153174,275.083,153085,152817.45,153.77,282.103,153257,153077.8,119.83,1348.92,,,,,0.113,0.112,0.055,0.054
chubeas,OR10x250,OR10x250-0.75_9,250,10,0.75,,148923,202.979,148925,276.285,148851,148524.3,144.85,282.252,149017,148803.45,93.5,1332.734,,,,,0.001,0.112,-0.048,0.062
chubeas,OR10x500,OR10x500-0.25_1,500,10,0.25,,116947,402.06,117245,703.154,117160,116820.7,220.81,348.334,117279,116726.15,368.8,3965.995,,,,,0.255,0.102,0.182,0.029
chubeas,OR10x500,OR10x500-0.25_10,500,10,0.25,,118272,408.618,118621,861.975,118586,118299.95,140.3,353.529,118677,118218.9,328.32,3973.896,,,,,0.295,0.077,0.265,0.047
chubeas,OR10x500,OR10x500-0.25_2,500,10,0.25,,118744,407.148,118826,705.269,118815,118422.55,214.05,358.567,118744,118217.45,436.37,3968.136,,,,,0.069,-0.06,0.06,-0.069
chubeas,OR10x500,OR10x500-0.25_3,500,10,0.25,,118557,403.832,118797,706.355,118707,118334.15,179.91,349.524,118588,118012.25,395.58,3984.319,,,,,0.202,-0.1,0.127,-0.176
chubeas,OR10x500,OR10x500-0.25_4,500,10,0.25,,118008,426.639,118378,711.193,118328,118015.3,183.89,351.186,118323,117823.9,383.54,3952.98,,,,,0.314,-0.004,0.271,-0.046
chubeas,OR10x500,OR10x500-0.25_5,500,10,0.25,,115628,401.48,115855,696.541,116075,115748.85,177.33,346.842,116010,115397.65,418.42,3919.116,,,,,0.196,-0.056,0.387,0.134
chubeas,OR10x500,OR10x500-0.25_6,500,10,0.25,,119097,409.599,119232,719.605,119102,118787.85,184.16,352.705,119097,118532.35,275.41,3984.838,,,,,0.113,-0.004,0.004,-0.113
chubeas,OR10x500,OR10x500-0.25_7,500,10,0.25,,119190,408.722,119328,711.225,119413,119059.15,152.03,356.998,119391,118876.15,286.99,3973.278,,,,,0.116,-0.018,0.187,0.053
chubeas,OR10x500,OR10x500-0.25_8,500,10,0.25,,117459,404.607,116703,701.191,117681,117422.55,154.79,349.33,117893,117244.5,309.63,3951.509,,,,,-0.644,0.18,0.189,1.02
chubeas,OR10x500,OR10x500-0.25_9,500,10,0.25,,117354,405.356,117403,708.822,117198,116967.8,163.42,353.171,117369,116787.1,362.77,3948.599,,,,,0.042,0.146,-0.133,-0.029
chubeas,OR10x500,OR10x500-0.50_1,500,10,0.50,,216719,659.025,216931,1053.452,216885,216588.8,161.16,576.425,217073,216575.8,228.53,5349.267,,,,,0.098,0.087,0.077,0.065
chubeas,OR10x500,OR10x500-0.50_10,500,10,0.50,,220003,657.091,220373,1033.102,220498,220078.4,199.69,571.618,220477,220038.45,351.52,5412.321,,,,,0.168,-0.01,0.225,0.047
chubeas,OR10x500,OR10x500-0.50_2,500,10,0.50,,218708,673.047,218710,1124.311,218608,218282.45,161.98,591.285,218749,218131.35,314.11,5457.211,,,,,0.001,0.064,-0.046,0.018
chubeas,OR10x500,OR10x500-0.50_3,500,10,0.50,,217277,671.071,217328,1059.068,217327,217010.4,170.5,590.363,217501,217103.15,208.6,5456.453,,,,,0.023,0.08,0.023,0.08
chubeas,OR10x500,OR10x500-0.50_4,500,10,0.50,,216235,690.518,215422,1151.021,216364,216151.75,113.71,609.875,216485,216138.05,217.13,5485.121,,,,,-0.376,0.056,0.06,0.493
chubeas,OR10x500,OR10x500-0.50_5,500,10,0.50,,213123,680.796,213226,1041.303,213298,212994.95,210.53,580.517,213364,213060.55,199.4,5361.327,,,,,0.048,0.031,0.082,0.065
chubeas,OR10x500,OR10x500-0.50_6,500,10,0.50,,214382,656.781,214586,1037.9,214741,214285.0,157.42,575.247,214646,214334.65,211.65,5359.181,,,,,0.095,-0.044,0.167,0.028
chubeas,OR10x500,OR10x500-0.50_7,500,10,0.50,,217369,669.95,217567,1057.157,217327,217041.95,151.14,580.032,217415,217138.95,240.3,5472.049,,,,,0.091,0.04,-0.019,-0.07
chubeas,OR10x500,OR10x500-0.50_8,500,10,0.50,,219499,671.047,219627,1062.987,219626,219234.0,175.56,602.959,219541,219103.15,256.96,5490.612,,,,,0.058,-0.039,0.058,-0.039
chubeas,OR10x500,OR10x500-0.50_9,500,10,0.50,,213669,691.916,213702,1085.582,213743,213483.25,143.03,580.729,213908,213460.45,272.16,5430.833,,,,,0.015,0.077,0.035,0.096
chubeas,OR10x500,OR10x500-0.75_1,500,10,0.75,,304023,847.567,304160,1122.326,304022,303643.6,227.97,775.961,304042,303823.65,148.1,4932.085,,,,,0.045,0.007,-0.0,-0.039
chubeas,OR10x500,OR10x500-0.75_10,500,10,0.75,,306521,896.027,306663,1129.122,306603,306144.2,207.0,832.377,306688,306525.9,117.89,4960.536,,,,,0.046,0.028,0.027,0.008
chubeas,OR10x500,OR10x500-0.75_2,500,10,0.75,,301747,844.213,301935,1261.632,301954,301684.05,199.6,779.656,301965,301770.4,116.41,4831.224,,,,,0.062,0.004,0.069,0.01
chubeas,OR10x500,OR10x500-0.75_3,500,10,0.75,,301946,819.465,302197,1135.473,302021,301650.85,210.38,767.376,301995,301755.0,185.53,4833.106,,,,,0.083,-0.009,0.025,-0.067
chubeas,OR10x500,OR10x500-0.75_4,500,10,0.75,,300215,820.807,300388,1110.157,300484,300173.5,147.52,754.88,300466,300262.35,123.54,4825.265,,,,,0.058,-0.006,0.09,0.026
chubeas,OR10x500,OR10x500-0.75_5,500,10,0.75,,303838,837.068,303930,1147.625,304160,303774.15,128.42,834.452,304145,303952.0,129.41,4828.469,,,,,0.03,-0.005,0.106,0.071
chubeas,OR10x500,OR10x500-0.75_6,500,10,0.75,,301107,819.982,301360,1285.605,301206,300910.5,163.25,770.572,301303,301048.45,163.63,4878.904,,,,,0.084,0.032,0.033,-0.019
chubeas,OR10x500,OR10x500-0.75_7,500,10,0.75,,304662,811.176,304699,1106.992,304681,304422.4,127.09,762.157,304790,304578.35,109.11,4807.138,,,,,0.012,0.036,0.006,0.03
chubeas,OR10x500,OR10x500-0.75_8,500,10,0.75,,296106,822.901,296119,1102.9,296205,295714.1,209.35,783.88,296190,295876.55,158.19,4869.421,,,,,0.004,-0.005,0.033,0.024
chubeas,OR10x500,OR10x500-0.75_9,500,10,0.75,,301064,820.861,301189,1099.846,300997,300743.95,196.11,754.394,301094,300818.15,124.25,4924.98,,,,,0.042,0.032,-0.022,-0.032
chubeas,OR30x100,OR30x100-0.25_1,100,30,0.25,,20871,14.269,20985,25.326,21647,20577.4,463.16,36.125,21333,20981.35,285.85,175.65,,,,,0.546,-1.451,3.718,1.658
chubeas,OR30x100,OR30x100-0.25_10,100,30,0.25,,20250,15.236,20296,26.115,20424,19998.85,298.1,40.103,20598,20225.65,250.87,174.685,,,,,0.227,0.852,0.859,1.488
chubeas,OR30x100,OR30x100-0.25_2,100,30,0.25,,21070,15.757,21091,26.387,21123,20293.45,362.42,40.395,21070,20521.3,218.16,175.081,,,,,0.1,-0.251,0.252,-0.1
chubeas,OR30x100,OR30x100-0.25_3,100,30,0.25,,19468,15.833,20021,31.138,19644,19286.45,227.14,37.643,20105,19675.5,268.28,171.816,,,,,2.841,2.347,0.904,0.42
chubeas,OR30x100,OR30x100-0.25_4,100,30,0.25,,20599,15.204,20872,25.866,20683,20165.4,351.3,38.307,21046,20723.6,249.02,174.567,,,,,1.325,1.755,0.408,0.834
chubeas,OR30x100,OR30x100-0.25_5,100,30,0.25,,21229,14.898,21418,31.757,21474,20754.7,394.56,40.525,21472,20938.85,306.97,174.82,,,,,0.89,-0.009,1.154,0.252
chubeas,OR30x100,OR30x100-0.25_6,100,30,0.25,,21611,16.089,21678,28.136,21724,20930.8,361.72,42.775,21729,21374.25,236.79,175.948,,,,,0.31,0.023,0.523,0.235
chubeas,OR30x100,OR30x100-0.25_7,100,30,0.25,,21325,15.548,21411,33.208,21283,20774.45,265.45,41.462,21409,21009.0,215.15,175.705,,,,,0.403,0.592,-0.197,-0.009
chubeas,OR30x100,OR30x100-0.25_8,100,30,0.25,,20464,15.461,20659,25.766,20571,19946.85,375.13,40.218,21088,20512.05,253.77,172.672,,,,,0.953,2.513,0.523,2.077
chubeas,OR30x100,OR30x100-0.25_9,100,30,0.25,,22012,16.47,22012,21.23,21800,21315.3,294.69,39.817,22012,21558.15,225.62,177.247,,,,,0.0,0.972,-0.963,0.0
chubeas,OR30x100,OR30x100-0.50_1,100,30,0.50,,39628,26.489,39788,42.558,39859,39501.8,242.58,66.479,39945,39693.95,194.8,277.918,,,,,0.404,0.216,0.583,0.395
chubeas,OR30x100,OR30x100-0.50_10,100,30,0.50,,40709,26.018,40102,51.55,40860,40087.85,433.5,67.232,41310,40719.85,310.78,282.479,,,,,-1.491,1.101,0.371,3.012
chubeas,OR30x100,OR30x100-0.50_2,100,30,0.50,,40522,26.245,40570,43.037,40799,40298.45,291.69,69.528,40950,40563.6,222.91,274.428,,,,,0.118,0.37,0.684,0.937
chubeas,OR30x100,OR30x100-0.50_3,100,30,0.50,,39886,27.647,38238,42.782,40540,39752.05,379.06,71.767,41006,40338.1,438.53,283.496,,,,,-4.132,1.149,1.64,7.239
chubeas,OR30x100,OR30x100-0.50_4,100,30,0.50,,40733,26.766,40757,43.943,40757,40305.2,282.5,68.883,40844,40555.7,157.3,275.2,,,,,0.059,0.213,0.059,0.213
chubeas,OR30x100,OR30x100-0.50_5,100,30,0.50,,40053,27.339,40277,51.09,40346,39574.4,368.32,68.02,40675,40129.45,247.46,273.626,,,,,0.559,0.815,0.732,0.988
chubeas,OR30x100,OR30x100-0.50_6,100,30,0.50,,40407,26.88,40483,42.271,40315,39242.3,625.13,68.708,40496,39651.35,451.05,272.454,,,,,0.188,0.449,-0.228,0.032
chubeas,OR30x100,OR30x100-0.50_7,100,30,0.50,,40117,26.563,40355,41.717,40538,39973.65,321.75,69.43,40759,40222.4,217.16,275.207,,,,,0.593,0.545,1.049,1.001
chubeas,OR30x100,OR30x100-0.50_8,100,30,0.50,,42450,27.153,42450,35.396,42450,41939.55,233.8,70.834,42486,42125.15,207.75,273.613,,,,,0.0,0.085,0.0,0.085
chubeas,OR30x100,OR30x100-0.50_9,100,30,0.50,,41546,27.874,41633,43.207,41664,41105.85,337.26,68.967,41819,41420.0,216.22,274.425,,,,,0.209,0.372,0.284,0.447
chubeas,OR30x100,OR30x100-0.75_1,100,30,0.75,,57052,34.885,57238,52.333,57107,56612.8,234.52,93.682,57494,56933.1,197.09,287.219,,,,,0.326,0.678,0.096,0.447
chubeas,OR30x100,OR30x100-0.75_10,100,30,0.75,,59680,33.479,59141,53.192,59712,59312.9,229.75,92.819,60309,59619.2,417.07,290.018,,,,,-0.903,1.0,0.054,1.975
chubeas,OR30x100,OR30x100-0.75_2,100,30,0.75,,59399,33.006,59564,52.373,59447,59090.15,194.33,96.021,59795,59554.25,156.35,286.813,,,,,0.278,0.585,0.081,0.388
chubeas,OR30x100,OR30x100-0.75_3,100,30,0.75,,57348,33.97,57577,53.668,57459,57097.45,273.66,94.422,57713,57420.1,198.47,287.544,,,,,0.399,0.442,0.194,0.236
chubeas,OR30x100,OR30x100-0.75_4,100,30,0.75,,60007,33.682,60079,53.012,60184,59859.25,259.08,93.562,60190,60090.65,118.58,286.441,,,,,0.12,0.01,0.295,0.185
chubeas,OR30x100,OR30x100-0.75_5,100,30,0.75,,58366,32.806,57828,45.361,58426,57985.5,307.46,96.184,58632,58240.05,219.7,285.884,,,,,-0.922,0.353,0.103,1.39
chubeas,OR30x100,OR30x100-0.75_6,100,30,0.75,,59193,33.247,59420,52.348,59280,58748.7,276.05,96.619,59464,59136.9,219.74,298.653,,,,,0.383,0.31,0.147,0.074
chubeas,OR30x100,OR30x100-0.75_7,100,30,0.75,,57529,36.912,57001,54.71,57578,57381.15,168.25,94.227,58056,57612.0,182.1,284.078,,,,,-0.918,0.83,0.085,1.851
chubeas,OR30x100,OR30x100-0.75_8,100,30,0.75,,58532,33.515,58637,46.034,58584,58190.8,306.53,94.448,58686,58419.75,141.07,289.806,,,,,0.179,0.174,0.089,0.084
chubeas,OR30x100,OR30x100-0.75_9,100,30,0.75,,57754,32.984,57298,46.869,58385,57887.25,277.35,95.43,58494,58211.35,174.67,307.189,,,,,-0.79,0.187,1.093,2.087
chubeas,OR30x250,OR30x250-0.25_1,250,30,0.25,,55305,98.514,55638,164.985,55252,54918.4,171.92,130.042,55835,55105.95,452.02,991.493,,,,,0.602,1.055,-0.096,0.354
chubeas,OR30x250,OR30x250-0.25_10,250,30,0.25,,54922,97.692,55310,181.96,55422,54770.1,470.42,133.914,55546,54859.1,392.81,997.42,,,,,0.706,0.224,0.91,0.427
chubeas,OR30x250,OR30x250-0.25_2,250,30,0.25,,57063,97.515,57271,169.161,57343,57008.85,292.25,131.472,57652,56966.4,339.51,1008.88,,,,,0.365,0.539,0.491,0.665
chubeas,OR30x250,OR30x250-0.25_3,250,30,0.25,,55150,95.152,54879,204.618,55451,54898.35,295.35,126.464,55635,55133.15,345.15,993.332,,,,,-0.491,0.332,0.546,1.378
chubeas,OR30x250,OR30x250-0.25_4,250,30,0.25,,55469,95.096,56020,202.002,55479,55091.5,242.55,127.024,56082,55470.95,358.59,992.312,,,,,0.993,1.087,0.018,0.111
chubeas,OR30x250,OR30x250-0.25_5,250,30,0.25,,55706,96.179,55753,169.48,55530,55042.05,219.49,126.025,55706,54927.75,391.99,1006.405,,,,,0.084,0.317,-0.316,-0.084
chubeas,OR30x250,OR30x250-0.25_6,250,30,0.25,,56049,94.121,56498,201.053,56404,55811.55,295.07,131.737,56336,55750.0,326.19,1000.677,,,,,0.801,-0.121,0.633,-0.287
chubeas,OR30x250,OR30x250-0.25_7,250,30,0.25,,54313,96.475,55134,207.101,55374,54512.45,329.76,132.637,55063,54529.75,286.84,1007.692,,,,,1.512,-0.562,1.953,-0.129
chubeas,OR30x250,OR30x250-0.25_8,250,30,0.25,,55302,97.528,55706,204.314,55432,54788.55,257.95,132.105,55408,54876.15,293.59,1009.844,,,,,0.731,-0.043,0.235,-0.535
chubeas,OR30x250,OR30x250-0.25_9,250,30,0.25,,55666,95.607,56139,168.031,55755,55530.8,214.64,126.801,56286,55677.55,340.83,1023.766,,,,,0.85,0.952,0.16,0.262
chubeas,OR30x250,OR30x250-0.50_1,250,30,0.50,,106594,168.205,107012,312.617,106785,106121.5,286.48,224.123,106871,106375.65,226.06,1470.529,,,,,0.392,0.081,0.179,-0.132
chubeas,OR30x250,OR30x250-0.50_10,250,30,0.50,,104430,184.582,104824,260.704,104579,103631.75,689.69,227.508,104799,103940.15,805.54,1501.812,,,,,0.377,0.21,0.143,-0.024
chubeas,OR30x250,OR30x250-0.50_2,250,30,0.50,,107357,165.116,107480,307.053,107300,106990.8,224.52,222.534,107458,107070.85,190.26,1520.785,,,,,0.115,0.147,-0.053,-0.02
chubeas,OR30x250,OR30x250-0.50_3,250,30,0.50,,105191,173.343,105322,302.748,104883,104607.75,206.16,218.639,105351,104946.35,293.24,1473.17,,,,,0.125,0.446,-0.293,0.028
chubeas,OR30x250,OR30x250-0.50_4,250,30,0.50,,106283,167.52,106283,208.408,105884,105377.1,290.86,222.665,106283,105489.75,315.64,1475.281,,,,,0.0,0.377,-0.375,0.0
chubeas,OR30x250,OR30x250-0.50_5,250,30,0.50,,106218,162.128,104796,304.9,106492,105833.7,320.54,221.185,106477,106013.95,323.28,1467.704,,,,,-1.339,-0.014,0.258,1.604
chubeas,OR30x250,OR30x250-0.50_6,250,30,0.50,,105743,164.224,106334,307.746,106113,105427.5,329.24,226.085,106279,105617.9,390.29,1520.862,,,,,0.559,0.156,0.35,-0.052
chubeas,OR30x250,OR30x250-0.50_7,250,30,0.50,,104510,184.615,105111,328.656,105287,104564.5,324.22,227.976,105425,105002.9,265.19,1509.663,,,,,0.575,0.131,0.743,0.299
chubeas,OR30x250,OR30x250-0.50_8,250,30,0.50,,103053,172.928,103208,310.35,103227,102665.0,306.14,221.64,103118,102831.35,183.46,1482.531,,,,,0.15,-0.106,0.169,-0.087
chubeas,OR30x250,OR30x250-0.50_9,250,30,0.50,,105817,169.589,105975,266.839,106090,105560.7,334.25,237.974,106102,105787.35,258.37,1512.081,,,,,0.149,0.011,0.258,0.12
chubeas,OR30x250,OR30x250-0.75_1,250,30,0.75,,148886,204.611,148511,317.248,149609,148975.45,228.5,305.108,149461,149254.0,166.26,1458.881,,,,,-0.252,-0.099,0.486,0.64
chubeas,OR30x250,OR30x250-0.75_10,250,30,0.75,,148417,213.507,148632,280.794,148706,148189.75,261.96,304.016,148886,148551.8,227.26,1481.864,,,,,0.145,0.121,0.195,0.171
chubeas,OR30x250,OR30x250-0.75_2,250,30,0.75,,149132,213.341,149268,315.903,149414,148851.5,309.29,299.53,149462,149187.2,168.85,1413.327,,,,,0.091,0.032,0.189,0.13
chubeas,OR30x250,OR30x250-0.75_3,250,30,0.75,,152139,203.177,152258,319.082,152589,151942.5,264.02,297.346,152479,152013.5,211.58,1435.373,,,,,0.078,-0.072,0.296,0.145
chubeas,OR30x250,OR30x250-0.75_4,250,30,0.75,,152208,203.275,152494,317.953,152299,152041.7,190.73,298.351,152559,152293.35,217.41,1413.559,,,,,0.188,0.171,0.06,0.043
chubeas,OR30x250,OR30x250-0.75_5,250,30,0.75,,149165,205.583,148917,322.146,149354,148956.3,273.85,299.577,149597,149278.0,192.14,1406.857,,,,,-0.166,0.163,0.127,0.457
chubeas,OR30x250,OR30x250-0.75_6,250,30,0.75,,147998,203.278,148083,314.155,147728,147472.7,165.98,308.598,148102,147700.0,183.35,1409.682,,,,,0.057,0.253,-0.182,0.013
chubeas,OR30x250,OR30x250-0.75_7,250,30,0.75,,146191,206.349,146520,318.356,146707,146300.45,245.93,302.516,146864,146432.05,228.34,1418.651,,,,,0.225,0.107,0.353,0.235
chubeas,OR30x250,OR30x250-0.75_8,250,30,0.75,,151569,204.987,151149,278.603,152321,151784.5,264.11,302.574,152260,151937.7,208.95,1419.833,,,,,-0.277,-0.04,0.496,0.735
chubeas,OR30x250,OR30x250-0.75_9,250,30,0.75,,148807,206.689,148885,293.817,148413,147858.4,245.67,331.303,148816,148453.15,263.06,1452.903,,,,,0.052,0.272,-0.265,-0.046
chubeas,OR30x500,OR30x500-0.25_1,500,30,0.25,,114188,393.204,115037,850.218,114270,113746.5,250.82,362.205,114470,113640.15,595.51,3874.995,,,,,0.744,0.175,0.072,-0.493
chubeas,OR30x500,OR30x500-0.25_10,500,30,0.25,,114781,386.012,115168,666.824,115379,114839.65,356.4,358.595,115385,114763.8,477.08,3814.3,,,,,0.337,0.005,0.521,0.188
chubeas,OR30x500,OR30x500-0.25_2,500,30,0.25,,113570,381.747,113801,674.172,113833,113333.15,286.67,354.708,113654,113011.65,340.19,3837.247,,,,,0.203,-0.157,0.232,-0.129
chubeas,OR30x500,OR30x500-0.25_3,500,30,0.25,,115328,383.847,115757,826.048,114948,114568.1,282.42,357.929,115328,114393.95,441.18,3912.165,,,,,0.372,0.331,-0.329,-0.371
chubeas,OR30x500,OR30x500-0.25_4,500,30,0.25,,113592,399.13,112993,676.461,113811,113357.85,280.42,366.806,114077,113371.7,336.73,3911.001,,,,,-0.527,0.234,0.193,0.959
chubeas,OR30x500,OR30x500-0.25_5,500,30,0.25,,114730,388.813,115318,834.646,114668,114104.3,383.82,372.497,115112,114211.55,602.02,3947.631,,,,,0.513,0.387,-0.054,-0.179
chubeas,OR30x500,OR30x500-0.25_6,500,30,0.25,,114954,392.064,114978,688.272,114854,114331.6,227.99,372.936,114954,113658.8,443.26,4009.777,,,,,0.021,0.087,-0.087,-0.021
chubeas,OR30x500,OR30x500-0.25_7,500,30,0.25,,112883,390.511,113112,702.267,112900,112295.55,297.6,389.073,112883,112098.55,382.06,3883.89,,,,,0.203,-0.015,0.015,-0.202
chubeas,OR30x500,OR30x500-0.25_8,500,30,0.25,,112233,378.62,111746,832.701,112467,111874.05,301.29,388.086,112655,112064.85,344.25,3872.733,,,,,-0.434,0.167,0.208,0.813
chubeas,OR30x500,OR30x500-0.25_9,500,30,0.25,,113347,382.884,113031,836.244,113786,113098.4,262.43,364.3,114024,113223.5,368.1,3902.12,,,,,-0.279,0.209,0.387,0.879
chubeas,OR30x500,OR30x500-0.50_1,500,30,0.50,,216414,647.441,216942,1040.103,217039,216468.15,297.68,626.252,216772,216376.1,291.42,5558.431,,,,,0.244,-0.123,0.289,-0.078
chubeas,OR30x500,OR30x500-0.50_10,500,30,0.50,,213327,661.779,213725,1243.962,213354,213084.0,228.78,630.501,213604,212975.85,353.61,5548.471,,,,,0.187,0.117,0.013,-0.057
chubeas,OR30x500,OR30x500-0.50_2,500,30,0.50,,213014,648.694,213227,1038.964,213361,212518.95,393.09,628.04,213172,212639.1,307.11,5530.569,,,,,0.1,-0.089,0.163,-0.026
chubeas,OR30x500,OR30x500-0.50_3,500,30,0.50,,215032,647.235,215069,1034.591,215089,214509.45,249.14,610.401,215032,214458.35,295.65,5572.123,,,,,0.017,-0.027,0.027,-0.017
chubeas,OR30x500,OR30x500-0.50_4,500,30,0.50,,216039,676.316,216545,1231.745,216024,215427.45,304.2,610.337,216269,215621.3,281.11,5623.231,,,,,0.234,0.113,-0.007,-0.127
chubeas,OR30x500,OR30x500-0.50_5,500,30,0.50,,214088,662.871,214328,1242.819,214366,213793.75,318.36,627.879,214244,213653.85,373.97,5637.772,,,,,0.112,-0.057,0.13,-0.039
chubeas,OR30x500,OR30x500-0.50_6,500,30,0.50,,214168,663.774,213680,1240.033,214365,213566.2,310.69,625.847,214393,213857.35,272.69,5616.459,,,,,-0.228,0.013,0.092,0.334
chubeas,OR30x500,OR30x500-0.50_7,500,30,0.50,,214564,677.307,214791,1071.665,214651,214402.0,214.15,631.429,215044,214310.2,403.92,5650.908,,,,,0.106,0.183,0.041,0.118
chubeas,OR30x500,OR30x500-0.50_8,500,30,0.50,,214681,677.022,214309,1095.839,214988,214469.45,258.19,642.479,215357,214845.3,241.36,5555.993,,,,,-0.173,0.172,0.143,0.489
chubeas,OR30x500,OR30x500-0.50_9,500,30,0.50,,215838,659.783,215928,1059.315,216027,215310.65,293.08,606.885,216237,215612.55,259.5,5534.569,,,,,0.042,0.097,0.088,0.143
chubeas,OR30x500,OR30x500-0.75_1,500,30,0.75,,299977,809.81,300571,1257.734,300825,300221.1,268.16,816.976,300761,300315.35,222.96,5150.661,,,,,0.198,-0.021,0.283,0.063
chubeas,OR30x500,OR30x500-0.75_10,500,30,0.75,,299478,811.956,299532,1120.148,299475,299133.95,256.03,851.95,299593,299303.25,200.99,5200.635,,,,,0.018,0.039,-0.001,0.02
chubeas,OR30x500,OR30x500-0.75_2,500,30,0.75,,299043,833.924,299427,1110.025,298907,298469.0,277.9,805.279,299145,298723.65,306.5,5111.341,,,,,0.128,0.08,-0.045,-0.094
chubeas,OR30x500,OR30x500-0.75_3,500,30,0.75,,303891,812.432,304474,1252.295,304137,303688.55,261.43,803.03,304384,304065.1,238.21,5109.343,,,,,0.192,0.081,0.081,-0.03
chubeas,OR30x500,OR30x500-0.75_4,500,30,0.75,,300501,907.556,301062,1265.784,300852,300543.25,136.27,868.128,301329,300876.35,203.89,5115.29,,,,,0.187,0.159,0.117,0.089
chubeas,OR30x500,OR30x500-0.75_5,500,30,0.75,,303074,814.952,303497,1272.475,303726,303056.85,295.94,834.559,303549,303116.25,259.75,5221.953,,,,,0.14,-0.058,0.215,0.017
chubeas,OR30x500,OR30x500-0.75_6,500,30,0.75,,295921,868.384,296208,1161.94,295910,295654.75,189.82,847.213,296281,295888.0,216.24,5221.068,,,,,0.097,0.125,-0.004,0.025
chubeas,OR30x500,OR30x500-0.75_7,500,30,0.75,,302018,833.552,302206,1138.501,302198,301695.4,278.29,807.942,302645,302084.95,302.94,5183.802,,,,,0.062,0.148,0.06,0.145
chubeas,OR30x500,OR30x500-0.75_8,500,30,0.75,,305736,814.228,305288,1255.421,305779,305413.05,226.43,808.233,305990,305631.15,215.75,5081.609,,,,,-0.147,0.069,0.014,0.23
chubeas,OR30x500,OR30x500-0.75_9,500,30,0.75,,301683,813.279,301995,1281.015,301747,301207.3,235.16,870.076,302063,301404.85,270.65,5176.571,,,,,0.103,0.105,0.021,0.023
chubeas,OR5x100,OR5x100-0.25_1,100,5,0.25,,23984,17.676,24192,36.795,24126,23826.1,172.69,43.11,24326,23935.6,218.19,195.677,,,,,0.867,0.829,0.592,0.554
chubeas,OR5x100,OR5x100-0.25_10,100,5,0.25,,24121,17.739,24163,30.272,24247,23750.05,242.1,42.789,24271,24021.6,135.09,191.805,,,,,0.174,0.099,0.522,0.447
chubeas,OR5x100,OR5x100-0.25_2,100,5,0.25,,23970,18.667,24088,30.875,23970,23667.7,215.94,45.261,24225,23973.1,182.72,199.46,,,,,0.492,1.064,0.0,0.569
chubeas,OR5x100,OR5x100-0.25_3,100,5,0.25,,23317,18.132,23416,30.488,23523,23092.1,222.36,43.544,23515,23324.3,100.64,197.373,,,,,0.425,-0.034,0.883,0.423
chubeas,OR5x100,OR5x100-0.25_4,100,5,0.25,,22884,17.793,23117,30.316,23370,22902.15,236.78,44.0,23431,23081.5,215.72,196.725,,,,,1.018,0.261,2.124,1.358
chubeas,OR5x100,OR5x100-0.25_5,100,5,0.25,,23826,18.673,23826,24.776,23764,23398.95,206.0,46.05,23862,23563.65,164.99,199.992,,,,,0.0,0.412,-0.26,0.151
chubeas,OR5x100,OR5x100-0.25_6,100,5,0.25,,24529,18.761,24529,25.297,24300,24064.75,181.31,47.912,24529,24311.2,102.37,199.53,,,,,0.0,0.942,-0.934,0.0
chubeas,OR5x100,OR5x100-0.25_7,100,5,0.25,,24953,21.163,25167,34.19,25087,24653.65,316.39,48.973,25448,25111.95,229.47,207.188,,,,,0.858,1.439,0.537,1.117
chubeas,OR5x100,OR5x100-0.25_8,100,5,0.25,,23172,19.39,23201,30.8,23284,22834.0,249.5,46.251,23367,23118.0,157.43,194.48,,,,,0.125,0.356,0.483,0.715
chubeas,OR5x100,OR5x100-0.25_9,100,5,0.25,,23787,18.482,23877,31.64,24071,23675.1,177.06,45.989,24071,23879.15,122.72,199.512,,,,,0.378,0.0,1.194,0.812
chubeas,OR5x100,OR5x100-0.50_1,100,5,0.50,,42363,27.115,42565,42.968,42705,42354.7,160.06,69.502,42587,42450.2,123.87,279.15,,,,,0.477,-0.276,0.807,0.052
chubeas,OR5x100,OR5x100-0.50_10,100,5,0.50,,44360,27.773,44370,43.316,44369,44089.35,177.94,73.086,44419,44295.35,86.93,284.04,,,,,0.023,0.113,0.02,0.11
chubeas,OR5x100,OR5x100-0.50_2,100,5,0.50,,42352,28.469,42385,43.592,42303,41951.7,164.08,73.71,42445,42296.75,94.93,274.364,,,,,0.078,0.336,-0.116,0.142
chubeas,OR5x100,OR5x100-0.50_3,100,5,0.50,,41601,27.816,41757,43.219,41756,41346.7,195.67,70.175,41827,41620.65,132.08,271.937,,,,,0.375,0.17,0.373,0.168
chubeas,OR5x100,OR5x100-0.50_4,100,5,0.50,,44514,28.939,44847,43.44,44818,44398.25,258.72,71.73,44922,44670.45,142.06,271.413,,,,,0.748,0.232,0.683,0.167
chubeas,OR5x100,OR5x100-0.50_5,100,5,0.50,,41908,27.492,41949,43.846,41855,41631.9,165.16,78.187,42085,41919.1,108.0,284.382,,,,,0.098,0.55,-0.126,0.324
chubeas,OR5x100,OR5x100-0.50_6,100,5,0.50,,42308,28.298,42746,50.877,42759,42469.6,197.5,79.971,42781,42615.05,126.28,296.45,,,,,1.035,0.051,1.066,0.082
chubeas,OR5x100,OR5x100-0.50_7,100,5,0.50,,41980,31.149,41980,34.566,41824,41474.0,239.13,74.688,41980,41656.15,113.01,284.158,,,,,0.0,0.373,-0.372,0.0
chubeas,OR5x100,OR5x100-0.50_8,100,5,0.50,,44521,30.043,44771,52.373,44985,44527.6,179.43,73.162,44989,44701.35,135.7,277.621,,,,,0.562,0.009,1.042,0.487
chubeas,OR5x100,OR5x100-0.50_9,100,5,0.50,,43048,29.376,43187,43.782,43229,42816.9,195.28,69.599,43299,43042.2,201.0,270.947,,,,,0.323,0.162,0.42,0.259
chubeas,OR5x100,OR5x100-0.75_1,100,5,0.75,,59822,34.525,59822,39.132,59742,59370.0,221.11,95.803,59822,59668.1,132.05,265.912,,,,,0.0,0.134,-0.134,0.0
chubeas,OR5x100,OR5x100-0.75_10,100,5,0.75,,59650,34.212,59145,45.727,59769,59511.6,160.79,96.002,59926,59775.2,76.85,270.543,,,,,-0.847,0.263,0.199,1.32
chubeas,OR5x100,OR5x100-0.75_2,100,5,0.75,,61551,34.341,61834,56.841,61707,61455.35,208.48,101.476,61907,61764.7,84.1,276.752,,,,,0.46,0.324,0.253,0.118
chubeas,OR5x100,OR5x100-0.75_3,100,5,0.75,,59595,34.445,59607,45.486,59614,59345.55,138.24,99.51,59694,59590.5,73.38,283.169,,,,,0.02,0.134,0.032,0.146
chubeas,OR5x100,OR5x100-0.75_4,100,5,0.75,,59883,37.289,60139,46.804,60191,59992.75,142.3,98.048,60461,60230.85,99.82,277.186,,,,,0.428,0.449,0.514,0.535
chubeas,OR5x100,OR5x100-0.75_5,100,5,0.75,,60512,39.833,60326,52.408,60895,60644.2,196.64,97.015,61029,60932.65,77.81,291.683,,,,,-0.307,0.22,0.633,1.165
chubeas,OR5x100,OR5x100-0.75_6,100,5,0.75,,58543,36.385,58856,45.537,58920,58605.15,203.29,94.947,58937,58776.45,78.28,271.601,,,,,0.535,0.029,0.644,0.138
chubeas,OR5x100,OR5x100-0.75_7,100,5,0.75,,60989,34.15,61268,45.44,61351,61076.5,143.42,99.656,61519,61314.4,100.13,273.635,,,,,0.457,0.274,0.594,0.41
chubeas,OR5x100,OR5x100-0.75_8,100,5,0.75,,61111,32.965,61252,44.874,61270,61012.6,146.4,102.017,61443,61253.35,102.79,274.112,,,,,0.231,0.282,0.26,0.312
chubeas,OR5x100,OR5x100-0.75_9,100,5,0.75,,58871,35.173,59191,51.627,59211,58905.25,182.92,93.418,59367,59160.7,101.38,280.796,,,,,0.544,0.263,0.578,0.297
chubeas,OR5x250,OR5x250-0.25_1,250,5,0.25,,59156,110.982,59194,189.328,58968,58824.6,95.47,167.18,59156,58834.8,169.38,1110.423,,,,,0.064,0.319,-0.318,-0.064
chubeas,OR5x250,OR5x250-0.25_10,250,5,0.25,,58569,108.594,58606,186.184,58768,58386.8,174.81,140.501,58679,58464.0,123.55,1117.115,,,,,0.063,-0.151,0.34,0.125
chubeas,OR5x250,OR5x250-0.25_2,250,5,0.25,,60921,110.648,61274,189.955,61204,60884.65,119.39,141.326,61349,60961.35,221.47,1103.959,,,,,0.579,0.237,0.465,0.122
chubeas,OR5x250,OR5x250-0.25_3,250,5,0.25,,61505,117.415,61694,193.993,61678,61457.85,148.5,142.138,61844,61569.1,168.1,1108.615,,,,,0.307,0.269,0.281,0.243
chubeas,OR5x250,OR5x250-0.25_4,250,5,0.25,,58985,108.378,59061,185.365,59254,58899.0,176.21,141.144,59171,58797.35,259.68,1125.514,,,,,0.129,-0.14,0.456,0.186
chubeas,OR5x250,OR5x250-0.25_5,250,5,0.25,,58764,113.039,58773,190.599,58663,58388.45,180.11,139.769,58764,58405.8,220.93,1117.065,,,,,0.015,0.172,-0.172,-0.015
chubeas,OR5x250,OR5x250-0.25_6,250,5,0.25,,59674,120.134,59745,193.494,59735,59523.7,154.67,142.385,59937,59632.35,166.87,1108.04,,,,,0.119,0.338,0.102,0.321
chubeas,OR5x250,OR5x250-0.25_7,250,5,0.25,,60005,112.87,60032,193.538,60250,59931.85,169.4,159.635,60084,59834.95,196.26,1129.247,,,,,0.045,-0.276,0.408,0.087
chubeas,OR5x250,OR5x250-0.25_8,250,5,0.25,,61023,111.681,61186,190.38,61222,60947.0,152.29,146.558,61316,61022.25,177.36,1112.322,,,,,0.267,0.154,0.326,0.212
chubeas,OR5x250,OR5x250-0.25_9,250,5,0.25,,61429,118.13,61520,198.016,61662,61256.7,163.96,147.817,61577,61334.5,195.33,1116.267,,,,,0.148,-0.138,0.379,0.093
chubeas,OR5x250,OR5x250-0.50_1,250,5,0.50,,108644,168.799,108754,266.908,108814,108587.15,112.93,230.797,108956,108623.2,235.72,1464.979,,,,,0.101,0.13,0.156,0.186
chubeas,OR5x250,OR5x250-0.50_10,250,5,0.50,,106575,166.031,106766,311.858,106802,106515.6,193.1,214.459,106866,106601.8,205.44,1428.106,,,,,0.179,0.06,0.213,0.094
chubeas,OR5x250,OR5x250-0.50_2,250,5,0.50,,109108,168.082,109402,264.175,109598,109384.4,117.79,225.934,109629,109446.65,119.03,1485.017,,,,,0.269,0.028,0.449,0.207
chubeas,OR5x250,OR5x250-0.50_3,250,5,0.50,,108176,174.119,108239,267.08,108323,108058.5,159.33,213.437,108375,108144.2,160.33,1471.684,,,,,0.058,0.048,0.136,0.126
chubeas,OR5x250,OR5x250-0.50_4,250,5,0.50,,109080,172.517,109208,277.937,109236,108926.95,169.75,231.913,109162,108998.95,134.37,1471.996,,,,,0.117,-0.068,0.143,-0.042
chubeas,OR5x250,OR5x250-0.50_5,250,5,0.50,,110603,177.078,110603,218.936,110449,110181.15,134.85,231.913,110603,110297.95,157.41,1437.858,,,,,0.0,0.139,-0.139,0.0
chubeas,OR5x250,OR5x250-0.50_6,250,5,0.50,,109680,167.44,109796,262.263,109990,109679.05,212.53,220.495,110025,109786.75,132.59,1455.581,,,,,0.106,0.032,0.283,0.209
chubeas,OR5x250,OR5x250-0.50_7,250,5,0.50,,108610,169.411,108768,263.606,108795,108515.05,181.64,220.428,108879,108636.7,126.88,1438.393,,,,,0.145,0.077,0.17,0.102
chubeas,OR5x250,OR5x250-0.50_8,250,5,0.50,,108476,168.507,107744,314.256,108833,108600.75,136.86,221.413,108743,108533.45,135.52,1449.18,,,,,-0.675,-0.083,0.329,0.927
chubeas,OR5x250,OR5x250-0.50_9,250,5,0.50,,109638,190.25,109646,277.125,109738,109525.15,139.41,228.648,109800,109561.95,138.95,1454.96,,,,,0.007,0.056,0.091,0.14
chubeas,OR5x250,OR5x250-0.75_1,250,5,0.75,,149010,208.928,149084,276.527,149466,149241.1,126.74,296.28,149636,149414.9,106.71,1317.796,,,,,0.05,0.114,0.306,0.37
chubeas,OR5x250,OR5x250-0.75_10,250,5,0.75,,154312,207.786,154388,274.31,154560,154303.1,139.17,289.793,154604,154429.3,119.5,1331.974,,,,,0.049,0.028,0.161,0.14
chubeas,OR5x250,OR5x250-0.75_2,250,5,0.75,,155503,212.255,155767,277.43,155774,155514.85,147.73,297.455,155790,155647.6,104.55,1344.562,,,,,0.17,0.01,0.174,0.015
chubeas,OR5x250,OR5x250-0.75_3,250,5,0.75,,149211,209.708,149228,275.386,149119,148883.55,150.08,287.59,149242,149035.4,97.62,1344.881,,,,,0.011,0.082,-0.062,0.009
chubeas,OR5x250,OR5x250-0.75_4,250,5,0.75,,151531,204.668,150538,317.499,151902,151645.3,154.53,299.416,152113,151846.55,128.89,1321.223,,,,,-0.655,0.139,0.245,1.046
chubeas,OR5x250,OR5x250-0.75_5,250,5,0.75,,149948,203.649,150018,275.452,150183,149954.25,131.19,303.952,150240,150036.45,118.91,1300.212,,,,,0.047,0.038,0.157,0.148
chubeas,OR5x250,OR5x250-0.75_6,250,5,0.75,,149693,203.41,149903,273.518,149907,149587.25,177.3,285.032,149854,149690.55,105.0,1333.445,,,,,0.14,-0.035,0.143,-0.033
chubeas,OR5x250,OR5x250-0.75_7,250,5,0.75,,148135,205.445,148308,280.155,148366,148202.35,93.7,289.776,148528,148324.45,70.33,1313.861,,,,,0.117,0.109,0.156,0.148
chubeas,OR5x250,OR5x250-0.75_8,250,5,0.75,,149311,204.003,149484,271.057,149552,149323.5,127.44,299.287,149685,149543.1,84.57,1290.549,,,,,0.116,0.089,0.161,0.134
chubeas,OR5x250,OR5x250-0.75_9,250,5,0.75,,154978,203.219,154988,274.785,155037,154741.3,137.81,286.595,154988,154790.65,96.77,1329.27,,,,,0.006,-0.032,0.038,0.0
chubeas,OR5x500,OR5x500-0.25_1,500,5,0.25,,119388,431.801,119719,761.342,119818,119645.8,129.95,372.405,119839,119460.75,229.25,4179.157,,,,,0.277,0.018,0.36,0.1
chubeas,OR5x500,OR5x500-0.25_10,500,5,0.25,,120270,445.278,120319,757.359,120498,120275.25,111.0,377.138,120521,119945.4,391.08,4279.864,,,,,0.041,0.019,0.19,0.168
chubeas,OR5x500,OR5x500-0.25_2,500,5,0.25,,117376,444.436,117461,779.472,117653,117406.1,136.08,385.318,117642,117221.05,344.19,4259.436,,,,,0.072,-0.009,0.236,0.154
chubeas,OR5x500,OR5x500-0.25_3,500,5,0.25,,120662,427.099,120804,754.618,120920,120643.1,174.82,381.204,120863,120437.35,296.39,4147.199,,,,,0.118,-0.047,0.214,0.049
chubeas,OR5x500,OR5x500-0.25_4,500,5,0.25,,120442,465.15,120530,790.089,120500,120260.95,121.38,393.549,120604,120187.55,289.57,4236.842,,,,,0.073,0.086,0.048,0.061
chubeas,OR5x500,OR5x500-0.25_5,500,5,0.25,,121983,438.742,122035,939.286,122121,121827.1,128.82,390.735,121988,121721.7,206.81,4212.647,,,,,0.043,-0.109,0.113,-0.039
chubeas,OR5x500,OR5x500-0.25_6,500,5,0.25,,121743,461.794,121754,780.677,121827,121500.7,144.89,406.723,121743,121307.55,319.64,4311.049,,,,,0.009,-0.069,0.069,-0.009
chubeas,OR5x500,OR5x500-0.25_7,500,5,0.25,,118693,448.795,118839,769.107,118891,118674.95,118.76,382.84,118854,118473.5,256.49,4234.232,,,,,0.123,-0.031,0.167,0.013
chubeas,OR5x500,OR5x500-0.25_8,500,5,0.25,,120218,452.464,120283,784.431,120338,120041.8,148.44,396.517,120218,119857.5,293.12,4243.265,,,,,0.054,-0.1,0.1,-0.054
chubeas,OR5x500,OR5x500-0.25_9,500,5,0.25,,121066,460.646,121246,758.683,121232,121016.8,121.08,376.645,121229,120744.0,340.46,4203.358,,,,,0.149,-0.002,0.137,-0.014
chubeas,OR5x500,OR5x500-0.50_1,500,5,0.50,,218223,679.301,218228,1120.076,218278,217938.0,201.0,594.18,218223,217874.05,225.78,5352.74,,,,,0.002,-0.025,0.025,-0.002
chubeas,OR5x500,OR5x500-0.50_10,500,5,0.50,,219416,670.063,219436,1065.176,219383,219222.35,122.47,578.907,219520,219194.7,218.13,5433.393,,,,,0.009,0.062,-0.015,0.038
chubeas,OR5x500,OR5x500-0.50_2,500,5,0.50,,220964,674.824,221083,1061.915,220967,220715.95,137.03,584.042,220964,220591.35,214.94,5392.124,,,,,0.054,-0.001,0.001,-0.054
chubeas,OR5x500,OR5x500-0.50_3,500,5,0.50,,217160,693.339,217325,1293.762,217335,217138.15,91.82,596.683,217303,217059.8,183.58,5477.83,,,,,0.076,-0.015,0.081,-0.01
chubeas,OR5x500,OR5x500-0.50_4,500,5,0.50,,223178,676.544,223327,1076.468,223317,223122.3,118.55,602.69,223282,223101.05,125.8,5438.876,,,,,0.067,-0.016,0.062,-0.02
chubeas,OR5x500,OR5x500-0.50_5,500,5,0.50,,218545,686.158,218661,1082.539,218776,218520.8,132.93,585.496,218816,218462.05,244.42,5424.678,,,,,0.053,0.018,0.106,0.071
chubeas,OR5x500,OR5x500-0.50_6,500,5,0.50,,220251,665.321,220279,1052.263,220287,220077.45,99.54,576.149,220282,220039.2,187.78,5402.615,,,,,0.013,-0.002,0.016,0.001
chubeas,OR5x500,OR5x500-0.50_7,500,5,0.50,,219620,677.957,219798,1064.182,219802,219564.35,124.32,585.457,219769,219485.55,186.69,5400.698,,,,,0.081,-0.015,0.083,-0.013
chubeas,OR5x500,OR5x500-0.50_8,500,5,0.50,,217808,688.109,217970,1065.08,218001,217788.75,127.47,602.045,217973,217735.35,212.93,5415.299,,,,,0.074,-0.013,0.089,0.001
chubeas,OR5x500,OR5x500-0.50_9,500,5,0.50,,216627,692.276,216665,1055.717,216784,216580.05,101.99,575.032,216738,216484.8,229.2,5464.471,,,,,0.018,-0.021,0.072,0.034
chubeas,OR5x500,OR5x500-0.75_1,500,5,0.75,,295439,820.219,295529,1091.75,295665,295451.95,122.36,761.518,295640,295508.8,81.39,4713.941,,,,,0.03,-0.008,0.076,0.038
chubeas,OR5x500,OR5x500-0.75_10,500,5,0.75,,299564,801.635,299677,1079.231,299633,299511.1,111.52,742.061,299752,299611.9,77.18,4737.32,,,,,0.038,0.04,0.023,0.025
chubeas,OR5x500,OR5x500-0.75_2,500,5,0.75,,307613,809.314,307735,1088.787,307894,307609.25,158.03,757.977,307825,307689.4,97.1,4665.17,,,,,0.04,-0.022,0.091,0.029
chubeas,OR5x500,OR5x500-0.75_3,500,5,0.75,,299633,811.094,299672,1080.166,299572,299410.65,119.57,748.886,299672,299504.45,102.1,4648.669,,,,,0.013,0.033,-0.02,0.0
chubeas,OR5x500,OR5x500-0.75_4,500,5,0.75,,306280,821.191,306280,947.752,306339,306068.3,112.04,751.93,306313,306181.45,80.28,4841.372,,,,,0.0,-0.008,0.019,0.011
chubeas,OR5x500,OR5x500-0.75_5,500,5,0.75,,300122,809.42,300143,1093.138,300154,299985.3,96.67,753.981,300178,300059.2,83.38,4698.011,,,,,0.007,0.008,0.011,0.012
chubeas,OR5x500,OR5x500-0.75_6,500,5,0.75,,302127,807.694,302288,1076.828,302460,302201.65,118.9,747.001,302429,302234.05,119.56,4628.749,,,,,0.053,-0.01,0.11,0.047
chubeas,OR5x500,OR5x500-0.75_7,500,5,0.75,,300781,804.977,300987,1081.035,301126,300917.7,130.52,747.274,301175,301020.9,93.1,4648.854,,,,,0.068,0.016,0.115,0.062
chubeas,OR5x500,OR5x500-0.75_8,500,5,0.75,,306057,812.23,306288,1087.158,306217,305988.55,142.0,749.922,306249,306088.2,98.61,4709.404,,,,,0.075,0.01,0.052,-0.013
chubeas,OR5x500,OR5x500-0.75_9,500,5,0.75,,302436,820.843,302546,1106.26,302630,302464.05,106.04,747.502,302605,302493.8,100.75,4763.873,,,,,0.036,-0.008,0.064,0.02
gk,gk,gk01,100,15,,3766,3741,26.969,3751,42.184,3729,3696.3,17.77,68.511,3748,3734.3,8.54,274.034,0.664,0.398,0.982,0.478,0.267,0.51,-0.321,-0.08
gk,gk,gk02,100,25,,3958,3866,26.329,3919,51.34,3903,3882.7,14.92,68.894,3937,3917.6,8.78,277.51,2.324,0.985,1.39,0.531,1.371,0.871,0.957,0.459
gk,gk,gk03,150,25,,5656,5568,60.025,5621,116.775,5583,5561.8,18.05,119.077,5630,5607.55,10.0,582.467,1.556,0.619,1.291,0.46,0.952,0.842,0.269,0.16
gk,gk,gk04,150,50,,,5704,61.631,5717,96.739,5700,5669.6,19.12,117.607,5724,5705.85,8.8,613.741,,,,,0.228,0.421,-0.07,0.122
gk,gk,gk05,200,25,,,7444,105.107,7496,169.201,7470,7440.45,17.45,163.683,7535,7499.7,14.44,976.738,,,,,0.699,0.87,0.349,0.52
gk,gk,gk06,200,50,,,7588,104.969,7623,168.778,7600,7526.25,30.44,169.035,7622,7597.1,11.91,1022.34,,,,,0.461,0.289,0.158,-0.013
gk,gk,gk07,500,25,,,19159,701.148,19186,1064.902,19162,19129.9,18.44,637.44,19170,19143.8,19.18,5661.837,,,,,0.141,0.042,0.016,-0.083
gk,gk,gk08,500,50,,,18707,650.695,18740,1063.399,18704,18657.8,18.9,655.248,18727,18693.7,15.41,5915.789,,,,,0.176,0.123,-0.016,-0.069
gk,gk,gk09,1500,25,,,58042,5988.263,58056,11177.21,58044,58009.1,20.27,5619.674,58042,57973.7,44.27,52418.239,,,,,0.024,-0.003,0.003,-0.024
gk,gk,gk10,1500,50,,,57171,6101.109,57213,9670.855,57147,57117.5,21.46,5065.953,57171,57101.15,31.43,50892.246,,,,,0.073,0.042,-0.042,-0.073
gk,gk,gk11,2500,100,,,94878,16979.962,95021,32878.256,94922,94876.45,25.35,29163.751,95008,94952.5,39.72,190331.496,,,,,0.151,0.091,0.046,-0.014
sac94,hp,hp1,28,4,,3418,3347,2.927,3312,4.426,3352,3163.45,123.04,24.225,3384,3337.05,49.93,40.679,2.077,3.101,1.931,0.995,-1.046,0.955,0.149,2.174
sac94,hp,hp2,35,4,,3186,3001,3.979,3060,5.931,3074,2937.5,107.01,27.785,3112,3046.55,31.42,53.839,5.807,3.955,3.515,2.323,1.966,1.236,2.433,1.699
sac94,pb,pb1,27,4,,3090,3019,2.7,2984,4.077,3044,2936.0,67.54,23.473,3056,3033.35,29.61,38.623,2.298,3.43,1.489,1.1,-1.159,0.394,0.828,2.413
sac94,pb,pb2,34,4,,3186,3001,3.809,3060,5.679,3074,2937.5,107.01,27.896,3112,3046.55,31.42,53.375,5.807,3.955,3.515,2.323,1.966,1.236,2.433,1.699
sac94,pb,pb4,29,2,,95168,89950,3.284,90615,4.041,91935,89183.6,2931.93,22.542,94308,91473.45,826.22,39.63,5.483,4.784,3.397,0.904,0.739,2.581,2.207,4.075
sac94,pb,pb5,20,10,,2139,1925,1.113,1979,2.08,2085,1988.3,65.42,11.762,2085,2003.0,36.47,19.939,10.005,7.48,2.525,2.525,2.805,0.0,8.312,5.356
sac94,pb,pb6,40,30,,776,765,2.793,765,3.447,762,584.55,64.04,16.544,765,695.7,53.63,33.957,1.418,1.418,1.804,1.418,0.0,0.394,-0.392,0.0
sac94,pb,pb7,37,30,,1035,1022,3.694,1024,5.536,1022,950.75,47.2,23.626,1024,1001.1,19.92,49.365,1.256,1.063,1.256,1.063,0.196,0.196,0.0,0.0
sac94,pet,pet2,10,10,,87061,83369,0.48,83369,0.532,86501,75415.45,13118.49,7.889,87061,83922.8,1318.31,11.378,4.241,4.241,0.643,0.0,0.0,0.647,3.757,4.429
sac94,pet,pet3,15,10,,4015,4005,0.883,4005,1.043,4005,3677.5,280.72,11.902,4005,3940.0,65.0,18.033,0.249,0.249,0.249,0.249,0.0,0.0,0.0,0.0
sac94,pet,pet4,20,10,,6120,6010,1.352,6090,1.959,6110,5329.75,725.85,13.476,6120,5974.5,221.2,23.149,1.797,0.49,0.163,0.0,1.331,0.164,1.664,0.493
sac94,pet,pet5,28,10,,12400,12400,2.68,12400,3.207,12370,11784.75,601.76,20.904,12400,12202.0,210.73,38.848,0.0,0.0,0.242,0.0,0.0,0.243,-0.242,0.0
sac94,pet,pet6,39,5,,10618,10313,5.53,10234,6.995,10518,10179.95,150.84,35.388,10584,10506.65,51.45,63.869,2.872,3.617,0.942,0.32,-0.766,0.627,1.988,3.42
sac94,pet,pet7,50,5,,16537,16031,8.175,16050,13.5,16425,16135.4,119.08,40.673,16507,16412.65,49.21,91.568,3.06,2.945,0.677,0.181,0.119,0.499,2.458,2.847
sac94,sento,sento1,60,30,,7772,7761,8.263,7761,9.771,7714,7313.25,289.06,31.082,7761,7694.1,53.72,89.635,0.142,0.142,0.746,0.142,0.0,0.609,-0.606,0.0
sac94,sento,sento2,60,30,,8722,8709,10.557,8711,15.739,8721,8613.95,107.99,43.288,8711,8694.95,22.7,117.796,0.149,0.126,0.011,0.126,0.023,-0.115,0.138,0.0
sac94,weing,weing1,28,2,,141278,140618,3.41,140618,3.07,140786,132324.75,8551.56,19.951,140778,140658.0,69.28,35.642,0.467,0.467,0.348,0.354,0.0,-0.006,0.119,0.114
sac94,weing,weing2,28,2,,130883,130013,1.88,130013,2.517,128062,116730.55,8882.98,17.428,130723,129038.75,2388.54,30.363,0.665,0.665,2.155,0.122,0.0,2.078,-1.501,0.546
sac94,weing,weing3,28,2,,95677,93278,1.751,93278,2.165,95616,75278.35,12302.38,13.649,95627,93677.15,1773.78,24.851,2.507,2.507,0.064,0.052,0.0,0.012,2.506,2.518
sac94,weing,weing4,28,2,,119337,115831,2.607,115831,3.069,119077,114257.15,3143.68,21.051,119337,116072.4,3201.6,36.347,2.938,2.938,0.218,0.0,0.0,0.218,2.802,3.027
sac94,weing,weing5,28,2,,98796,98796,1.744,98796,2.153,95467,79870.45,7103.92,13.676,98796,96907.1,1947.07,27.385,0.0,0.0,3.37,0.0,0.0,3.487,-3.37,0.0
sac94,weing,weing6,28,2,,130623,130233,1.988,130233,2.5,130233,117513.35,8243.11,17.307,130623,129572.3,2028.34,32.325,0.299,0.299,0.299,0.0,0.0,0.299,0.0,0.299
sac94,weing,weing7,105,2,,1095445,1095352,38.112,1095445,47.629,1094917,1092325.0,2991.78,107.806,1095445,1094383.3,1278.43,263.476,0.008,0.0,0.048,0.0,0.008,0.048,-0.04,0.0
sac94,weing,weing8,105,2,,624319,619101,22.646,619766,36.231,619132,610454.3,7424.48,53.743,621086,619649.3,2320.15,231.838,0.836,0.729,0.831,0.518,0.107,0.316,0.005,0.213
sac94,weish,weish01,30,5,,4554,4554,3.325,4554,3.088,4549,4179.25,270.46,16.577,4554,4554.0,0.0,33.733,0.0,0.0,0.11,0.0,0.0,0.11,-0.11,0.0
sac94,weish,weish02,30,5,,4536,4504,2.435,4504,3.297,4531,4341.25,147.88,20.576,4531,4510.75,11.69,34.533,0.705,0.705,0.11,0.11,0.0,0.0,0.599,0.599
sac94,weish,weish03,30,5,,4115,4051,2.376,4052,3.51,4115,3573.35,389.27,17.006,4115,4026.8,56.8,34.084,1.555,1.531,0.0,0.0,0.025,0.0,1.58,1.555
sac94,weish,weish04,30,5,,4561,4531,2.258,4561,3.556,4561,4204.45,325.75,15.831,4561,4533.0,28.0,32.032,0.658,0.0,0.0,0.0,0.662,0.0,0.662,0.0
sac94,weish,weish05,30,5,,4514,4514,2.245,4514,2.665,4514,3962.45,344.59,15.244,4514,4443.8,77.61,31.006,0.0,0.0,0.0,0.0,0.0,0.0,0.0,0.0
sac94,weish,weish06,40,5,,5557,5529,4.322,5529,5.32,5544,5326.85,258.72,24.066,5557,5513.55,22.53,56.083,0.504,0.504,0.234,0.0,0.0,0.234,0.271,0.506
sac94,weish,weish07,40,5,,5567,5567,4.556,5567,5.574,5567,5322.1,187.21,24.613,5567,5528.0,28.4,56.21,0.0,0.0,0.0,0.0,0.0,0.0,0.0,0.0
sac94,weish,weish08,40,5,,5605,5603,4.691,5603,5.743,5603,5394.35,152.48,26.82,5605,5588.45,30.31,62.759,0.036,0.036,0.036,0.0,0.0,0.036,0.0,0.036
sac94,weish,weish09,40,5,,5246,5246,3.89,5246,4.96,5246,4940.3,259.66,25.755,5246,5223.35,26.39,54.119,0.0,0.0,0.0,0.0,0.0,0.0,0.0,0.0
sac94,weish,weish10,50,5,,6339,6326,7.011,6326,7.923,6339,6154.05,213.95,29.403,6339,6305.8,27.66,74.708,0.205,0.205,0.0,0.0,0.0,0.0,0.206,0.206
sac94,weish,weish11,50,5,,5643,5404,5.625,5414,7.919,5592,5325.0,237.23,25.462,5643,5559.7,95.16,67.087,4.235,4.058,0.904,0.0,0.185,0.912,3.479,4.23
sac94,weish,weish12,50,5,,6339,6304,6.92,6339,9.567,6339,6124.55,229.69,28.474,6339,6314.7,42.7,75.054,0.552,0.0,0.0,0.0,0.555,0.0,0.555,0.0
sac94,weish,weish13,50,5,,6159,6088,7.164,6088,7.634,6088,5928.2,119.26,28.489,6159,6080.6,71.42,72.739,1.153,1.153,1.153,0.0,0.0,1.166,0.0,1.166
sac94,weish,weish14,60,5,,6954,6954,9.598,6954,11.007,6887,6808.6,57.71,35.145,6954,6900.4,45.74,99.017,0.0,0.0,0.963,0.0,0.0,0.973,-0.963,0.0
sac94,weish,weish15,60,5,,7486,7416,8.585,7416,10.99,7421,7257.1,115.5,32.364,7486,7389.2,59.97,101.032,0.935,0.935,0.868,0.0,0.0,0.876,0.067,0.944
sac94,weish,weish16,60,5,,7289,7288,9.607,7289,14.151,7289,7121.9,142.02,35.442,7289,7241.75,27.28,101.234,0.014,0.0,0.0,0.0,0.014,0.0,0.014,0.0
sac94,weish,weish17,60,5,,8633,8624,11.732,8624,14.22,8622,8581.65,31.57,50.805,8633,8615.15,14.71,130.363,0.104,0.104,0.127,0.0,0.0,0.128,-0.023,0.104
sac94,weish,weish18,70,5,,9580,9521,15.931,9526,22.819,9549,9471.55,65.62,52.052,9540,9512.6,37.35,150.192,0.616,0.564,0.324,0.418,0.053,-0.094,0.294,0.147
sac94,weish,weish19,70,5,,7698,7674,11.53,7683,17.427,7698,7550.15,115.32,39.916,7698,7618.3,74.14,125.728,0.312,0.195,0.0,0.0,0.117,0.0,0.313,0.195
sac94,weish,weish20,70,5,,9450,9400,13.967,9400,16.225,9400,9299.9,59.68,45.44,9400,9386.5,31.78,143.386,0.529,0.529,0.529,0.529,0.0,0.0,0.0,0.0
sac94,weish,weish21,70,5,,9074,9067,13.403,9067,15.716,9054,8843.35,103.49,42.094,9074,9014.6,56.91,136.966,0.077,0.077,0.22,0.0,0.0,0.221,-0.143,0.077
sac94,weish,weish22,80,5,,8947,8908,14.81,8908,18.617,8915,8845.75,69.61,47.791,8947,8911.9,11.7,165.68,0.436,0.436,0.358,0.0,0.0,0.359,0.079,0.438
sac94,weish,weish23,80,5,,8344,8341,15.141,8341,19.854,8341,8224.4,73.29,50.257,8341,8250.6,91.93,162.182,0.036,0.036,0.036,0.036,0.0,0.0,0.0,0.0
sac94,weish,weish24,80,5,,10220,10189,18.858,10189,22.459,10189,10118.05,46.44,59.103,10220,10184.2,25.59,186.724,0.303,0.303,0.303,0.0,0.0,0.304,0.0,0.304
sac94,weish,weish25,80,5,,9939,9812,16.831,9832,26.138,9902,9782.15,71.05,51.568,9922,9856.65,45.77,178.413,1.278,1.077,0.372,0.171,0.204,0.202,0.917,0.915
sac94,weish,weish26,90,5,,9584,9480,19.452,9482,30.928,9552,9444.6,63.14,54.911,9584,9518.35,53.34,200.251,1.085,1.064,0.334,0.0,0.021,0.335,0.759,1.076
sac94,weish,weish27,90,5,,9819,9816,19.593,9819,30.348,9819,9695.75,94.6,54.998,9819,9819.0,0.0,217.779,0.031,0.0,0.0,0.0,0.031,0.0,0.031,0.0
sac94,weish,weish28,90,5,,9492,9469,20.208,9469,24.185,9469,9358.35,120.03,54.295,9492,9433.8,50.77,200.913,0.242,0.242,0.242,0.0,0.0,0.243,0.0,0.243
sac94,weish,weish29,90,5,,9410,9376,19.748,9378,29.997,9394,9285.45,135.09,54.508,9410,9359.15,56.89,200.459,0.361,0.34,0.17,0.0,0.021,0.17,0.192,0.341
sac94,weish,weish30,90,5,,11191,11161,23.74,11165,35.209,11175,11130.2,25.63,65.299,11182,11158.0,19.55,231.388,0.268,0.232,0.143,0.08,0.036,0.063,0.125,0.152
